Domain,Count
cdninstagram.com,55
creditkarma.com,53
cloudflare.net,44
cloudfront.net,43
amazonaws.com,37
chaturbate.com,35
rambler.ru,33
gstatic.com,32
appspot.com,32
tripadvisor.com,32
netflix.com,31
youtube.com,28
booking.com,27
aliexpress.com,27
office.com,27
expedia.com,27
facebook.com,27
xvideos.com,26
disneyplus.com,26
yandex.ru,26
pinterest.com,26
windows.com,26
pornhub.com,25
microsoft.com,25
target.com,25
hotmail.com,24
squarespace.com,24
epicgames.com,24
bankofamerica.com,24
gitlab.com,24
linkedin.com,24
wikipedia.org,24
mcafee.com,24
blogspot.com,24
intuit.com,23
walmart.com,23
reddit.com,23
amazon.com,23
onlyfans.com,23
homedepot.com,22
dropbox.com,22
snapchat.com,22
binance.com,22
teamviewer.com,22
github.com,22
naver.com,22
tesla.com,22
cisco.com,22
shutterstock.com,22
xhamster.com,22
icloud.com,21
quora.com,21
instagram.com,21
samsung.com,21
tradingview.com,21
costco.com,21
sharepoint.com,21
godaddy.com,21
paypal.com,21
spotify.com,21
salesforce.com,21
openai.com,21
fiverr.com,21
tiktok.com,20
fedex.com,20
intel.com,20
shein.com,20
realtor.com,20
alibaba.com,20
erome.com,20
lenovo.com,20
vimeo.com,20
pccc.com,20
taobao.com,20
forter.com,20
xfinity.com,19
foxnews.com,19
docker.com,19
badoo.com,19
indeed.com,19
ancestry.com,19
lowes.com,19
slack.com,19
gmail.com,19
uber.com,19
coinmarketcap.com,19
chess.com,19
baidu.com,19
usps.com,18
yahoo.com,18
adobe.com,18
stackoverflow.com,18
pandora.com,18
flipkart.com,18
ring.com,18
kargo.com,18
discord.com,18
google.de,18
nature.com,18
macys.com,18
viber.com,18
turn.com,18
ikea.com,18
canva.com,18
shopify.com,18
live.com,18
espn.com,18
webex.com,18
bing.com,17
clever.com,17
redfin.com,17
miui.com,17
temu.com,17
rackspace.com,17
fast.com,17
globo.com,17
ietf.org,17
wordpress.com,17
roku.com,17
mail.ru,17
skype.com,17
bilibili.com,17
name.com,17
opera.com,17
asos.com,17
eset.com,16
mdpi.com,16
nytimes.com,16
latimes.com,16
weibo.com,16
airbnb.com,16
nike.com,16
ieee.org,16
twimg.com,16
wildberries.ru,16
kaspersky.com,16
drom.ru,16
yandex.com,16
adrta.com,16
amazon.de,16
udemy.com,16
etsy.com,16
force.com,16
avast.com,16
speedtest.net,16
okta.com,16
time.com,16
soundcloud.com,16
duckduckgo.com,16
medium.com,16
visa.com,16
schwab.com,16
wired.com,16
cnbc.com,16
agoda.com,16
azure.com,16
bild.de,16
norton.com,16
dell.com,16
agkn.com,16
tinyurl.com,16
cdek.ru,16
bitdefender.com,16
twitter.com,16
mailchimp.com,15
fandom.com,15
media.net,15
yimg.com,15
datto.com,15
calendly.com,15
tapad.com,15
goodreads.com,15
nbcnews.com,15
nest.com,15
bestbuy.com,15
playstation.com,15
sohu.com,15
yelp.com,15
mediafire.com,15
xnxx.com,15
gandi.net,15
roblox.com,15
comcast.com,15
flickr.com,15
eporner.com,15
primevideo.com,15
ebay.de,15
criteo.com,15
forbes.com,15
jimdo.com,15
otto.de,15
ebay.com,15
mgts.ru,15
google.cn,14
hulu.com,14
sina.com.cn,14
oup.com,14
genius.com,14
zendesk.com,14
patreon.com,14
mgid.com,14
netgear.com,14
plesk.com,14
lijit.com,14
meraki.com,14
kohls.com,14
ign.com,14
dzen.ru,14
ups.com,14
comcast.net,14
indiatimes.com,14
marriott.com,14
line.me,14
whatsapp.com,14
webmd.com,14
outlook.com,14
eventbrite.com,14
shipt.com,14
cbsnews.com,13
onet.pl,13
autodesk.com,13
akam.net,13
android.com,13
xerox.com,13
ubnt.com,13
cnn.com,13
hbr.org,13
blogger.com,13
daum.net,13
usnews.com,13
pbs.org,13
ibm.com,13
myspace.com,13
people.com,13
miwifi.com,13
weather.com,13
giphy.com,13
rbc.ru,13
wsj.com,13
brave.com,13
buzzfeed.com,13
ntp.org,13
zoho.com,13
cnet.com,13
reg.ru,13
nic.ru,13
vmware.com,13
stripe.com,13
box.com,12
telekom.de,12
msn.com,12
duolingo.com,12
jquery.com,12
google.pl,12
livechatinc.com,12
pixabay.com,12
gosuslugi.ru,12
imgur.com,12
kwai.net,12
google.fr,12
aboutads.info,12
ioam.de,12
avito.ru,12
wix.com,12
ivi.ru,12
zillow.com,12
dns.com,12
licdn.com,12
doi.org,12
amazon.in,12
att.net,12
amazon.it,12
wixsite.com,12
firefox.com,12
wiley.com,12
iso.org,12
ebay.co.uk,12
nordvpn.com,12
imdb.com,12
npr.org,12
att.com,12
change.org,11
cbc.ca,11
tokopedia.com,11
redhat.com,11
php.net,11
aliyun.com,11
mob.com,11
robinhood.com,11
surveymonkey.com,11
hilton.com,11
360.cn,11
theguardian.com,11
psychologytoday.com,11
163.com,11
pusher.com,11
pexels.com,11
gnu.org,11
inmobi.com,11
seznam.cz,11
sonobi.com,11
gihc.net,11
liadm.com,11
live.net,11
zoom.us,11
springer.com,11
apple.com,11
youku.com,11
archive.org,11
braze.com,11
qualtrics.com,11
gvt1.com,11
arcgis.com,11
a2z.com,10
nvidia.com,10
bbc.com,10
rt.ru,10
oracle.com,10
googleapis.com,10
ys7.com,10
ft.com,10
reuters.com,10
bbc.co.uk,10
deviantart.com,10
apnews.com,10
microsoftonline.com,10
nba.com,10
xiaomi.com,10
healthline.com,10
mts.ru,10
ubi.com,10
free.fr,10
ozon.ru,10
wattpad.com,10
redd.it,10
herokuapp.com,10
t-online.de,10
hichina.com,10
interia.pl,10
upwork.com,10
hostgator.com,10
tds.net,10
e2ro.com,10
aol.com,10
arxiv.org,9
adroll.com,9
theatlantic.com,9
1c.ru,9
freepik.com,9
amazon.ca,9
amazon.es,9
mozilla.com,9
dns.cn,9
weebly.com,9
pixiv.net,9
hp.com,9
nypost.com,9
grammarly.com,9
google.ca,9
huawei.com,9
uol.com.br,9
telegram.org,9
qq.com,9
mysql.com,9
shifen.com,9
yahoo.net,9
instructure.com,9
elpais.com,9
hotjar.com,9
google.co.in,9
life360.com,9
ted.com,9
amazon.fr,9
fb.com,8
google.es,8
ui.com,8
conviva.com,8
steamcommunity.com,8
bol.com,8
aws.dev,8
adjust.com,8
w3.org,8
vk.com,8
go.com,8
dailymail.co.uk,8
amazon.co.uk,8
opendns.com,8
dreamhost.com,8
steampowered.com,8
t-mobile.com,8
un.org,8
economist.com,8
dailymotion.com,8
amazon.com.br,8
discogs.com,8
ya.ru,8
zemanta.com,8
wp.pl,8
hicloud.com,8
myshopify.com,8
tumblr.com,8
investopedia.com,8
mediatek.com,8
adgrx.com,8
innovid.com,8
discordapp.com,8
one.one,8
quizlet.com,8
elmundo.es,8
news.com.au,7
myqcloud.com,7
w3schools.com,7
accuweather.com,7
bidr.io,7
allegro.pl,7
1drv.com,7
weforum.org,7
hm.com,7
si.com,7
character.ai,7
timeweb.ru,7
kickstarter.com,7
splashtop.com,7
britannica.com,7
cambridge.org,7
jotform.com,7
pinimg.com,7
flurry.com,7
google.com,7
cpanel.net,7
cdn-apple.com,7
mncdn.com,7
ytimg.com,7
ubuntu.com,7
twitch.tv,7
ok.ru,7
office365.com,7
google.it,7
tp-link.com,7
washingtonpost.com,7
sophos.com,7
europa.eu,7
example.com,7
google.co.uk,7
netflix.net,7
cloudflare.com,7
unpkg.com,6
scribd.com,6
pendo.io,6
nginx.com,6
taboola.com,6
synology.com,6
apache.org,6
my.com,6
telegram.me,6
wp.com,6
facebook.net,6
bandcamp.com,6
usatoday.com,6
nease.net,6
xiaomi.net,6
me.com,6
slideshare.net,6
vungle.com,6
online.net,6
wbx2.com,6
rfihub.com,6
swrve.com,6
bluehost.com,6
unsplash.com,6
verisign.com,6
dotomi.com,6
constantcontact.com,6
netease.com,6
googletagmanager.com,6
nstld.com,6
mediavine.com,6
immunet.com,6
digicert.com,6
root-servers.net,6
macromedia.com,6
atlassian.net,5
sc-gw.com,5
entrust.net,5
cdn20.com,5
sciencedirect.com,5
intentiq.com,5
github.io,5
dns-shop.ru,5
warnerbros.com,5
lemonde.fr,5
livejournal.com,5
unesco.org,5
huffingtonpost.com,5
rlcdn.com,5
trendmicro.com,5
statista.com,5
google.com.br,5
gamepass.com,5
wsdvs.com,5
behance.net,5
checkpoint.com,5
fbcdn.net,5
adnxs.com,5
t.co,5
digitalocean.com,5
msidentity.com,5
businesswire.com,5
klaviyo.com,5
stbid.ru,5
ip-api.com,5
biblegateway.com,5
wikihow.com,5
gvt2.com,5
techcrunch.com,5
businessinsider.com,4
wordpress.org,4
doubleclick.net,4
goo.gl,4
atomile.com,4
fastly.net,4
aniview.com,4
lefigaro.fr,4
tiktokv.com,4
googlesyndication.com,4
3lift.com,4
yandex.net,4
openx.net,4
sourceforge.net,4
rayjump.com,4
sentry.io,4
sberdevices.ru,4
typeform.com,4
ggpht.com,4
gravatar.com,4
sharethis.com,4
mckinsey.com,4
vivoglobal.com,4
huffpost.com,4
utorrent.com,4
mit.edu,4
hubspot.com,4
ertelecom.ru,4
360safe.com,4
unity3d.com,4
service-now.com,4
shopee.com.br,4
userapi.com,4
vkontakte.ru,4
issuu.com,4
mwbsys.com,4
aliyuncs.com,4
krxd.net,4
ad.gt,4
amplitude.com,4
atlassian.com,4
adobe.net,4
mixpanel.com,4
scdn.co,4
xboxlive.com,4
nationalgeographic.com,4
gumgum.com,4
fontawesome.com,4
rzone.de,4
google.com.mx,4
alicdn.com,4
trustpilot.com,4
bluekai.com,4
pangle.io,4
beeline.ru,4
yieldmo.com,4
thesun.co.uk,4
icloud-content.com,4
mega.nz,4
bitrix24.ru,4
mikrotik.com,4
wal-mart.com,4
independent.co.uk,4
bamgrid.com,4
attn.tv,4
worldnic.com,4
imrworldwide.com,4
branch.io,3
disqus.com,3
canonical.com,3
ea.com,3
pubmatic.com,3
sorbs.net,3
rapid7.com,3
heylink.me,3
33across.com,3
mzstatic.com,3
classlink.com,3
a-mo.net,3
sagepub.com,3
duckdns.org,3
sitescout.com,3
adriver.ru,3
demdex.net,3
prnewswire.com,3
chinamobile.com,3
merriam-webster.com,3
mayoclinic.org,3
theverge.com,3
akismet.com,3
onesignal.com,3
mega.co.nz,3
telegraph.co.uk,3
akamaihd.net,3
akamai.net,3
sportskeeda.com,3
supercell.com,3
ohthree.com,3
visualstudio.com,3
adform.net,3
tiktokcdn.com,3
ecdns.net,3
split.io,3
mi.com,3
wikimedia.org,3
1rx.io,3
t.me,2
deepintent.com,2
criteo.net,2
fbsbx.com,2
fb.me,2
globalsign.com,2
newrelic.com,2
segment.io,2
cloudns.net,2
plex.tv,2
dnsv1.com,2
markmonitor.com,2
ca.gov,2
svc.ms,2
bit.ly,2
discord.gg,2
casalemedia.com,2
rbxcdn.com,2
ezvizlife.com,2
office.net,2
google.co.jp,2
optimizely.com,2
mozilla.org,2
outbrain.com,2
ipredictive.com,2
grabpay.com,2
wa.me,2
debian.org,2
elisa.fi,2
googleusercontent.com,2
domaincontrol.com,2
msftconnecttest.com,2
creativecdn.com,2
avcdn.net,2
tandfonline.com,2
ks-cdn.com,2
repubblica.it,2
oath.cloud,2
b-cdn.net,2
gtld-servers.net,2
windows.net,2
azurefd.net,2
deloitte.com,2
eepurl.com,2
google-analytics.com,2
worldbank.org,2
rackspace.net,2
mozilla.net,2
researchgate.net,2
telecid.ru,2
rncdn7.com,2
umich.edu,2
youtu.be,2
ampproject.org,2
pv-cdn.net,2
consultant.ru,1
xserver.jp,1
va.gov,1
googledomains.com,1
loc.gov,1
googlevideo.com,1
sweetxladies.com,1
statuspage.io,1
wshareit.com,1
hugedomains.com,1
adtelligent.com,1
chartbeat.com,1
skroutz.gr,1
akadns.net,1
youronlinechoices.com,1
4dex.io,1
whatsapp.net,1
redditstatic.com,1
vkuser.net,1
sapo.pt,1
qlivecdn.com,1
corriere.it,1
openstreetmap.org,1
launchpad.net,1
rakuten.co.jp,1
sc-cdn.net,1
nih.gov,1
dnsmadeeasy.com,1
netangels.ru,1
cedexis.net,1
ssl-images-amazon.com,1
connatix.com,1
google.com.tr,1
cdnvideo.ru,1
spbycdn.com,1
nginx.org,1
xcal.tv,1
teads.tv,1
amazonalexa.com,1
samsungcloud.com,1
githubusercontent.com,1
sharethrough.com,1
bloomberg.com,1
moatads.com,1
nasa.gov,1
linktr.ee,1
samsungacr.com,1
rspamd.com,1
apigee.net,1
yximgs.com,1
x.com,1
notion.so,1
telefonica.de,1
kaspi.kz,1
googleadservices.com,1
phicdn.net,1
cdn77.org,1
msedge.net,1
sentinelone.net,1
riotgames.com,1
appier.net,1
ameblo.jp,1
2mdn.net,1
online-metrix.net,1
dns.ne.jp,1
appsflyer.com,1
ssacdn.com,1
addthis.com,1
spaceweb.pro,1
springserve.com,1
dbankcloud.com,1
mangosip.ru,1
flashtalking.com,1
dnsowl.com,1
bdydns.com,1
googleblog.com,1
rocket-cdn.com,1
arubanetworks.com,1
lencr.org,1
playstation.net,1
adobe.io,1
